"cc_iso3c","dqa_cap_dqi","dqa_crm_dqi","dqa_dig_dqi","dqa_ffm_dqi","dqa_hrm_dqi","dqa_inc_dqi","dqa_int_dqi","dqa_opn_dqi","dqa_pol_dqi","dqa_pro_dqi","dqa_reg_dqi","dqa_tax_dqi","dqa_overall","dqa_fimp","dqa_avl_smpl"
"ABW",0,0,0,0,0,0,0,0,0,0,0,0,0,12,0
"AFG",0,0.5093589757089744,0,0.4722222222222222,0.29259259259259257,0.11666666666666667,0.320343137754902,0.5750000024166667,0,0,0,0.21296296296296297,0.20826221336041562,5,0.3017241379310345
"AGO",0,0,0,0.4722222222222222,0,0,0,0.10833333437500002,0,0,0,0.21296296296296297,0.0661265432966821,9,0.04310344827586207
"AIA",0,0,0,0,0,0,0,0,0,0,0,0,0,12,0
"ALA",0,0,0,0,0,0,0,0,0,0,0,0,0,12,0
"ALB",0,0,0,0.6074074074074074,0.29259259259259257,0.3750000031250001,0.42263071995424834,0.663888891638889,0,0,0,0.21296296296296297,0.21454021480675836,6,0.28448275862068967
"AND",0,0,0,0.3037037037037037,0,0,0,0.10833333437500002,0,0,0,0,0.034336419839891975,10,0.02586206896551724
"ARE",0,0.5093589757089744,0,0.4388888888888889,0.24074074074074073,0,0.04133986953104575,0.5750000024166667,0,0,0,0.21296296296296297,0.1681909533541066,6,0.19827586206896552
"ARG",0,0.5093589757089744,0,0.6074074074074074,0.29259259259259257,0.11666666666666667,0.42263071995424834,0.663888891638889,0,0,0,0.7129629629629629,0.27712568474431176,5,0.3706896551724138
"ARM",0,0,0,0.4388888888888889,0.29259259259259257,0.2583333364583334,0.42263071995424834,0.10833333437500002,0,0,0,0.21296296296296297,0.14447848626933552,6,0.21551724137931033
"ASM",0,0,0,0,0,0,0,0,0,0,0,0,0,12,0
"ATA",0,0,0,0,0,0,0,0,0,0,0,0,0,12,0
"ATF",0,0,0,0,0,0,0,0,0,0,0,0,0,12,0
"ATG",0,0,0,0.3037037037037037,0,0,0,0.5750000024166667,0,0,0,0.21296296296296297,0.09097222242361111,9,0.07758620689655173
"AUS",0,0.8547008567008547,0,0.8888888888888888,0.6728395061728395,0.7222222284722224,0.5290849683202614,0.9277777819027778,1,0,0.962962962962963,0.8518518518518519,0.6175274204393884,3,0.7068965517241379
"AUT",0.3333333333333333,0.8547008567008547,0.5811965811965811,0.7203703703703703,0.6728395061728395,0.7222222284722224,0.5076797393120915,0.9277777819027778,1,0.7222222222222222,0.962962962962963,0.8518518518518519,0.7380964528748424,0,0.9827586206896551
"AZE",0,0,0,0.6074074074074074,0.29259259259259257,0.3750000031250001,0.42263071995424834,0.10833333437500002,0,0,0,0.21296296296296297,0.16824391836810096,6,0.23275862068965517
"BDI",0,0.5093589757089744,0,0.6074074074074074,0,0,0.10228758219934642,0.10833333437500002,0,0,0,0.21296296296296297,0.12836252188780758,7,0.13793103448275862
"BEL",0.3333333333333333,0,0.5811965811965811,0.7203703703703703,0.6728395061728395,0.7222222284722224,0.5686274519803922,0.9277777819027778,1,0.2777777777777778,0.962962962962963,0.8518518518518519,0.6349133205017591,1,0.853448275862069
"BEN",0,0.5093589757089744,0,0.6074074074074074,0.29259259259259257,0.11666666666666667,0.42263071995424834,0.19722222359722225,0,0,0,0.21296296296296297,0.19657012907417287,5,0.29310344827586204
"BES",0,0,0,0,0,0,0,0,0,0,0,0,0,12,0
"BFA",0,0.5093589757089744,0,0.4722222222222222,0,0,0.06094771266830065,0.5750000024166667,0,0,0,0.21296296296296297,0.15254098966492724,7,0.16379310344827586
"BGD",0,0.5093589757089744,0,0.6074074074074074,0.29259259259259257,0.11666666666666667,0.3616830072859477,0.663888891638889,0,0,0,0.21296296296296297,0.2303800420219534,5,0.3275862068965517
"BGR",0,0.5093589757089744,0.5811965811965811,0.6074074074074074,0.29259259259259257,0.3750000031250001,0.46307189642483665,0.8388888926805557,1,0.2777777777777778,0.33888888888888885,0.8518518518518519,0.5113362389712055,1,0.6551724137931034
"BHR",0,0,0,0.4388888888888889,0,0,0.04133986953104575,0.19722222359722225,0,0,0,0.21296296296296297,0.07420116208167665,8,0.06034482758620689
"BHS",0,0,0,0.3037037037037037,0,0,0,0.5750000024166667,0,0,0,0.21296296296296297,0.09097222242361111,9,0.07758620689655173
"BIH",0,0,0,0.6074074074074074,0.29259259259259257,0.3750000031250001,0.42263071995424834,0.663888891638889,0,0,0,0.21296296296296297,0.21454021480675836,6,0.28448275862068967
"BLM",0,0,0,0,0,0,0,0,0,0,0,0,0,12,0
"BLR",0,0.5093589757089744,0,0.3037037037037037,0,0,0.06094771266830065,0.5750000024166667,0,0,0,0.21296296296296297,0.13849777978838404,7,0.15517241379310345
"BLZ",0,0,0,0.3037037037037037,0,0,0,0.48611111319444444,0,0,0,0.21296296296296297,0.08356481498842593,9,0.06896551724137931
"BMU",0,0,0,0,0,0,0,0,0,0,0,0,0,12,0
"BOL",0,0,0,0.4722222222222222,0.29259259259259257,0.3750000031250001,0.3812908504232026,0.663888891638889,0,0,0,0.21296296296296297,0.19982979358040578,6,0.2672413793103448
"BRA",0,0,0,0.6074074074074074,0.29259259259259257,0.3750000031250001,0.5281862755098039,0.663888891638889,0,0,0,0.7314814814814814,0.26654638764626454,6,0.3448275862068966
"BRB",0,0,0,0.3037037037037037,0.2324074074074074,0.3750000031250001,0.320343137754902,0.5750000024166667,0,0,0,0.21296296296296297,0.16828476811422025,6,0.23275862068965517
"BRN",0,0,0,0.4388888888888889,0,0,0.04133986953104575,0.10833333437500002,0,0,0,0.21296296296296297,0.06679375464649147,8,0.05172413793103448
"BTN",0,0.5093589757089744,0,0.4388888888888889,0,0,0.04133986953104575,0.19722222359722225,0,0,0,0.21296296296296297,0.11664774339075784,7,0.12931034482758622
"BVT",0,0,0,0,0,0,0,0,0,0,0,0,0,12,0
"BWA",0,0.5093589757089744,0,0.6074074074074074,0.29259259259259257,0.11666666666666667,0.42263071995424834,0.663888891638889,0,0,0,0.21296296296296297,0.2354590180776451,5,0.33620689655172414
"CAF",0,0,0,0.3037037037037037,0,0,0,0.10833333437500002,0,0,0,0.21296296296296297,0.05208333342013889,9,0.034482758620689655
"CAN",0.3333333333333333,0.34534188099188035,0,0.8888888888888888,0.6728395061728395,0.7222222284722224,0.5076797393120915,0.9277777819027778,1,0.4444444444444444,0.962962962962963,0.8518518518518519,0.6381118848611077,1,0.7844827586206896
"CCK",0,0,0,0,0,0,0,0,0,0,0,0,0,12,0
"CHE",0,0.8547008567008547,0.5811965811965811,0.7203703703703703,0.6728395061728395,0.7222222284722224,0.5686274519803922,0.5500000030833334,1,0.2777777777777778,0.962962962962963,0.611111111111111,0.6268174041523704,1,0.7931034482758621
"CHL",0.3333333333333333,0.34534188099188035,0,0.8888888888888888,0.6728395061728395,0.7222222284722224,0.5686274519803922,0.9277777819027778,1,0.4444444444444444,0.962962962962963,0.8518518518518519,0.6431908609167994,1,0.7931034482758621
"CHN",0,0,0,0.6074074074074074,0.29259259259259257,0.11666666666666667,0.42263071995424834,0.5750000024166667,0,0,0,0.21296296296296297,0.18560502933337872,6,0.25862068965517243
"CIV",0,0.5093589757089744,0,0.4722222222222222,0.29259259259259257,0.11666666666666667,0.3812908504232026,0.5750000024166667,0,0,0,0.21296296296296297,0.21334118941610736,5,0.3103448275862069
"CMR",0,0.5093589757089744,0,0.6074074074074074,0.29259259259259257,0.11666666666666667,0.42263071995424834,0.663888891638889,0,0,0,0.21296296296296297,0.2354590180776451,5,0.33620689655172414
"COD",0,0.5093589757089744,0,0.6074074074074074,0,0,0.04133986953104575,0.19722222359722225,0,0,0,0.21296296296296297,0.13069095326730107,7,0.13793103448275862
"COG",0,0,0,0.3037037037037037,0,0,0,0.10833333437500002,0,0,0,0.21296296296296297,0.05208333342013889,9,0.034482758620689655
"COK",0,0,0,0,0,0,0,0,0,0,0,0,0,12,0
"COL",0,0.8547008567008547,0,0.6074074074074074,0.6728395061728395,0.7222222284722224,0.48864379184967316,0.7527777808611111,0,0.4444444444444444,0.6240740740740741,0.4907407407407407,0.4714875692269473,3,0.5689655172413793
"COM",0,0,0,0.4722222222222222,0,0,0,0.10833333437500002,0,0,0,0.21296296296296297,0.0661265432966821,9,0.04310344827586207
"CPV",0,0.5093589757089744,0,0.4388888888888889,0,0,0.10228758219934642,0.10833333437500002,0,0,0,0.21296296296296297,0.11431931201126438,7,0.12931034482758622
"CRI",0,0.34534188099188035,0,0.6074074074074074,0.6728395061728395,0.3750000031250001,0.42263071995424834,0.663888891638889,0,0.4444444444444444,0.6240740740740741,0.8518518518518519,0.4172898983050529,3,0.48275862068965514
"CUB",0,0,0,0.3037037037037037,0.24074074074074073,0,0,0.10833333437500002,0,0,0,0,0.0543981482349537,9,0.06034482758620689
"CUW",0,0,0,0,0,0,0,0,0,0,0,0,0,12,0
"CXR",0,0,0,0,0,0,0,0,0,0,0,0,0,12,0
"CYM",0,0,0,0,0,0,0,0,0,0,0,0,0,12,0
"CYP",0.3125,0,0.5811965811965811,0.4388888888888889,0.29259259259259257,0.3750000031250001,0.46307189642483665,0.2833333354166667,1,0.2777777777777778,0.33888888888888885,0.8518518518518519,0.43459181801359037,1,0.6379310344827586
"CZE",0.3333333333333333,0.5093589757089744,0.5811965811965811,0.8888888888888888,0.6728395061728395,0.3750000031250001,0.5290849683202614,0.9277777819027778,1,0.2777777777777778,0.962962962962963,0.8518518518518519,0.6591727192701041,0,0.9051724137931034
"DEU",0.3333333333333333,0.8547008567008547,0.5811965811965811,0.8888888888888888,0.6728395061728395,0.5486111157986112,0.5686274519803922,0.9277777819027778,1,0.7222222222222222,0.962962962962963,0.35185185185185186,0.7010843794176097,0,0.9568965517241379
"DJI",0,0,0,0.3037037037037037,0,0,0,0.10833333437500002,0,0,0,0.21296296296296297,0.05208333342013889,9,0.034482758620689655
"DMA",0,0,0,0.3037037037037037,0,0,0,0.48611111319444444,0,0,0,0.21296296296296297,0.08356481498842593,9,0.06896551724137931
"DNK",0.3333333333333333,0.791965813765812,0.5811965811965811,0.7203703703703703,0.6728395061728395,0.7222222284722224,0.4021241837565359,0.8388888926805557,1,0.7222222222222222,0.962962962962963,0.7314814814814814,0.7066339647012431,0,0.9310344827586207
"DOM",0,0.5093589757089744,0,0.6074074074074074,0.29259259259259257,0.3750000031250001,0.42263071995424834,0.663888891638889,0,0,0,0.21296296296296297,0.2569867961158396,5,0.35344827586206895
"DZA",0,0,0,0.6074074074074074,0.29259259259259257,0.3750000031250001,0.42263071995424834,0.10833333437500002,0,0,0,0.21296296296296297,0.16824391836810096,6,0.23275862068965517
"ECU",0,0.5093589757089744,0,0.6074074074074074,0.29259259259259257,0.3750000031250001,0.3919934650522876,0.5750000024166667,0,0,0,0.21296296296296297,0.247026284105491,5,0.33620689655172414
"EGY",0,0.5093589757089744,0,0.6074074074074074,0.29259259259259257,0.3750000031250001,0.42263071995424834,0.5750000024166667,0,0,0,0.21296296296296297,0.24957938868065438,5,0.3448275862068966
"ERI",0,0,0,0.3037037037037037,0.29259259259259257,0.11666666666666667,0.320343137754902,0.10833333437500002,0,0,0,0.21296296296296297,0.112883533171319,6,0.1810344827586207
"ESH",0,0,0,0,0,0,0,0,0,0,0,0,0,12,0
"ESP",0.3125,0.8547008567008547,0.5811965811965811,0.7296296296296296,0.6728395061728395,0.7222222284722224,0.5454248376013072,0.8388888926805557,1,0.7222222222222222,0.962962962962963,0.8518518518518519,0.7328699641242523,0,0.9655172413793103
"EST",0.3333333333333333,0.34534188099188035,0.5811965811965811,0.7203703703703703,0.6728395061728395,0.5486111157986112,0.5686274519803922,0.8388888926805557,1,0.7222222222222222,0.962962962962963,0.7314814814814814,0.6688229832659358,0,0.896551724137931
"ETH",0,0.5093589757089744,0,0.4388888888888889,0.29259259259259257,0.11666666666666667,0.3616830072859477,0.5750000024166667,0,0,0,0.21296296296296297,0.208929424710225,5,0.3103448275862069
"FIN",0.3333333333333333,0.8547008567008547,0.5811965811965811,0.7203703703703703,0.6728395061728395,0.7222222284722224,0.4844771249330065,0.9277777819027778,1,0.7222222222222222,0.962962962962963,0.8518518518518519,0.7361629016765853,0,0.9741379310344828
"FJI",0,0.5093589757089744,0,0.4722222222222222,0.29259259259259257,0.11666666666666667,0.320343137754902,0.10833333437500002,0,0,0,0.21296296296296297,0.1693733243569434,5,0.25862068965517243
"FLK",0,0,0,0,0,0,0,0,0,0,0,0,0,12,0
"FRA",0.3125,0.8547008567008547,0.5811965811965811,0.8888888888888888,0.6728395061728395,0.7222222284722224,0.5686274519803922,0.9277777819027778,1,0.2777777777777778,0.962962962962963,0.8518518518518519,0.7184454906589292,0,0.9655172413793103
"FRO",0,0,0,0,0,0,0,0,0,0,0,0,0,12,0
"FSM",0,0,0,0.3037037037037037,0,0,0,0.10833333437500002,0,0,0,0.21296296296296297,0.05208333342013889,9,0.034482758620689655
"GAB",0,0.5093589757089744,0,0.3037037037037037,0,0,0.06094771266830065,0.10833333437500002,0,0,0,0.21296296296296297,0.09960889078491181,7,0.11206896551724138
"GBR",0.3333333333333333,0.8547008567008547,0.5811965811965811,0.8888888888888888,0.6728395061728395,0.7222222284722224,0.5686274519803922,0.9277777819027778,1,0.7222222222222222,0.962962962962963,0.8518518518518519,0.7572186388070773,0,1
"GEO",0,0.5093589757089744,0,0.6074074074074074,0.29259259259259257,0.3750000031250001,0.42263071995424834,0.5750000024166667,0,0,0,0.21296296296296297,0.24957938868065438,5,0.3448275862068966
"GGY",0,0,0,0,0,0,0,0,0,0,0,0,0,12,0
"GHA",0,0.5093589757089744,0,0.6074074074074074,0.29259259259259257,0.3750000031250001,0.42263071995424834,0.663888891638889,0,0,0,0.21296296296296297,0.2569867961158396,5,0.35344827586206895
"GIB",0,0,0,0,0,0,0,0,0,0,0,0,0,12,0
"GIN",0,0.5093589757089744,0,0.4388888888888889,0.29259259259259257,0.11666666666666667,0.42263071995424834,0.10833333437500002,0,0,0,0.21296296296296297,0.17511951176244447,5,0.27586206896551724
"GLP",0,0,0,0,0,0,0,0,0,0,0,0,0,12,0
"GMB",0,0.5093589757089744,0,0.4388888888888889,0,0,0.04133986953104575,0.10833333437500002,0,0,0,0.21296296296296297,0.10924033595557266,7,0.12068965517241378
"GNB",0,0.5093589757089744,0,0.3037037037037037,0,0,0,0.10833333437500002,0,0,0,0.21296296296296297,0.09452991472922008,8,0.10344827586206896
"GNQ",0,0,0,0.4722222222222222,0,0,0,0.10833333437500002,0,0,0,0.21296296296296297,0.0661265432966821,9,0.04310344827586207
"GRC",0.3333333333333333,0.8547008567008547,0.5811965811965811,0.7203703703703703,0.6728395061728395,0.7222222284722224,0.5058823539411765,0.9277777819027778,1,0.5740740740740741,0.962962962962963,0.4907407407407407,0.6955083991556611,0,0.939655172413793
"GRD",0,0,0,0.3037037037037037,0,0,0,0.48611111319444444,0,0,0,0.21296296296296297,0.08356481498842593,9,0.06896551724137931
"GRL",0,0,0,0,0,0,0.06094771266830065,0,0,0,0,0,0.005078976055691721,11,0.008620689655172414
"GTM",0,0.5093589757089744,0,0.6074074074074074,0.29259259259259257,0.3750000031250001,0.42263071995424834,0.663888891638889,0,0,0,0.21296296296296297,0.2569867961158396,5,0.35344827586206895
"GUF",0,0,0,0,0,0,0,0,0,0,0,0,0,12,0
"GUM",0,0,0,0,0,0,0,0,0,0,0,0,0,12,0
"GUY",0,0,0,0.3037037037037037,0.29259259259259257,0.11666666666666667,0.1573529416764706,0.5750000024166667,0,0,0,0.21296296296296297,0.13818990583492194,6,0.1724137931034483
"HKG",0,0,0,0.4388888888888889,0.29259259259259257,0.3750000031250001,0.42263071995424834,0.4666666680416667,0,0,0,0.7314814814814814,0.2272716961736565,6,0.29310344827586204
"HMD",0,0,0,0,0,0,0,0,0,0,0,0,0,12,0
"HND",0,0,0,0.6074074074074074,0,0,0.10228758219934642,0.48611111319444444,0,0,0,0.21296296296296297,0.11739742214701343,8,0.10344827586206896
"HRV",0,0.5093589757089744,0.5811965811965811,0.6074074074074074,0.29259259259259257,0.3750000031250001,0.46307189642483665,0.8388888926805557,1,0.2777777777777778,0.33888888888888885,0.7314814814814814,0.5013053747736747,1,0.646551724137931
"HTI",0,0,0,0.4388888888888889,0,0,0.04133986953104575,0.19722222359722225,0,0,0,0.21296296296296297,0.07420116208167665,8,0.06034482758620689
"HUN",0,0.5093589757089744,0.5811965811965811,0.8888888888888888,0.6728395061728395,0.5486111157986112,0.5686274519803922,0.7500000034583334,1,0.7222222222222222,0.962962962962963,0.8518518518518519,0.6713799633534715,1,0.8103448275862069
"IDN",0,0.5093589757089744,0,0.6074074074074074,0.29259259259259257,0.3750000031250001,0.42263071995424834,0.663888891638889,0,0,0,0.35185185185185186,0.26856087018991365,5,0.3620689655172414
"IMN",0,0,0,0,0,0,0,0.08888888922222223,0,0,0,0,0.007407407435185185,11,0.008620689655172414
"IND",0,0.5093589757089744,0,0.6074074074074074,0.29259259259259257,0.11666666666666667,0.42263071995424834,0.663888891638889,0,0.4444444444444444,0,0.7314814814814814,0.315705931657892,4,0.39655172413793105
"IOT",0,0,0,0,0,0,0,0,0,0,0,0,0,12,0
"IRL",0.3333333333333333,0.2826068380568376,0.5811965811965811,0.7203703703703703,0.6728395061728395,0.7222222284722224,0.5076797393120915,0.46111111386111114,1,0.2777777777777778,0.962962962962963,0.8518518518518519,0.6144960252806649,0,0.8362068965517241
"IRN",0,0,0,0.4388888888888889,0,0,0.04133986953104575,0.5750000024166667,0,0,0,0.21296296296296297,0.10568264364996369,8,0.09482758620689655
"IRQ",0,0.5093589757089744,0,0.4722222222222222,0.29259259259259257,0.11666666666666667,0.320343137754902,0.10833333437500002,0,0,0,0.21296296296296297,0.1693733243569434,5,0.25862068965517243
"ISL",0,0.34534188099188035,0.5811965811965811,0.5981481481481482,0.6728395061728395,0.7222222284722224,0.46813725565196074,0.37222222463888893,1,0.2962962962962963,0.962962962962963,0.7314814814814814,0.5625707138344385,1,0.6810344827586207
"ISR",0.3333333333333333,0.34534188099188035,0,0.7203703703703703,0.6728395061728395,0.7222222284722224,0.46813725565196074,0.5500000030833334,1,0.4444444444444444,0.962962962962963,0.7129629629629629,0.5777179123705258,1,0.7241379310344828
"ITA",0.3125,0.8547008567008547,0.5811965811965811,0.8888888888888888,0.6728395061728395,0.7222222284722224,0.5686274519803922,0.9277777819027778,1,0.7222222222222222,0.962962962962963,0.8518518518518519,0.7554825276959661,0,0.9913793103448276
"JAM",0,0,0,0.4388888888888889,0.29259259259259257,0.3750000031250001,0.42263071995424834,0.663888891638889,0,0,0,0.21296296296296297,0.20049700493021516,6,0.27586206896551724
"JEY",0,0,0,0,0,0,0,0,0,0,0,0,0,12,0
"JOR",0,0.5093589757089744,0,0.6074074074074074,0.24074074074074073,0.11666666666666667,0.42263071995424834,0.5750000024166667,0,0,0,0.21296296296296297,0.22373062298813892,5,0.3189655172413793
"JPN",0.3333333333333333,0.34534188099188035,0,0.8888888888888888,0.6728395061728395,0.7222222284722224,0.5290849683202614,0.9277777819027778,1,0.2962962962962963,0.962962962962963,0.4907407407407407,0.5974573823401836,1,0.75
"KAZ",0,0,0,0.6074074074074074,0.29259259259259257,0.3750000031250001,0.42263071995424834,0.5750000024166667,0,0,0,0.21296296296296297,0.2071328073715732,6,0.27586206896551724
"KEN",0,0.5093589757089744,0,0.6074074074074074,0.29259259259259257,0.11666666666666667,0.42263071995424834,0.663888891638889,0,0,0,0.21296296296296297,0.2354590180776451,5,0.33620689655172414
"KGZ",0,0.5093589757089744,0,0.6074074074074074,0.29259259259259257,0.3750000031250001,0.42263071995424834,0.5750000024166667,0,0,0,0.21296296296296297,0.24957938868065438,5,0.3448275862068966
"KHM",0,0,0,0.4388888888888889,0.29259259259259257,0.09583333489583337,0.39616013171895426,0.5750000024166667,0,0,0,0.21296296296296297,0.16761982612299156,6,0.24137931034482757
"KIR",0,0,0,0.3037037037037037,0,0,0,0.10833333437500002,0,0,0,0.21296296296296297,0.05208333342013889,9,0.034482758620689655
"KNA",0,0.5093589757089744,0,0.3037037037037037,0,0,0,0.5750000024166667,0,0,0,0.21296296296296297,0.13341880373269233,8,0.14655172413793102
"KOR",0.3333333333333333,0.34534188099188035,0,0.8888888888888888,0.6728395061728395,0.7222222284722224,0.5686274519803922,0.8388888926805557,1,0.4444444444444444,0.962962962962963,0.8518518518518519,0.6357834534816142,1,0.7844827586206896
"KWT",0,0,0,0.4388888888888889,0,0,0.04133986953104575,0.10833333437500002,0,0,0,0.21296296296296297,0.06679375464649147,8,0.05172413793103448
"LAO",0,0.5093589757089744,0,0.4388888888888889,0,0,0.04133986953104575,0.10833333437500002,0,0,0,0.21296296296296297,0.10924033595557266,7,0.12068965517241378
"LBN",0,0.5093589757089744,0,0.6074074074074074,0.29259259259259257,0.11666666666666667,0.42263071995424834,0.5750000024166667,0,0,0,0.21296296296296297,0.22805161064245993,5,0.3275862068965517
"LBR",0,0,0,0.6074074074074074,0,0,0.10228758219934642,0.48611111319444444,0,0,0,0.21296296296296297,0.11739742214701343,8,0.10344827586206896
"LBY",0,0,0,0.3037037037037037,0,0,0,0.10833333437500002,0,0,0,0.21296296296296297,0.05208333342013889,9,0.034482758620689655
"LCA",0,0,0,0.3037037037037037,0,0,0,0.663888891638889,0,0,0,0.21296296296296297,0.09837962985879631,9,0.08620689655172414
"LIE",0,0,0,0.3037037037037037,0,0,0,0.10833333437500002,0,0,0,0,0.034336419839891975,10,0.02586206896551724
"LKA",0,0.5093589757089744,0,0.6074074074074074,0.29259259259259257,0.3750000031250001,0.42263071995424834,0.48611111319444444,0,0,0,0.21296296296296297,0.24217198124546918,5,0.33620689655172414
"LSO",0,0.5093589757089744,0,0.6074074074074074,0,0,0.10228758219934642,0.19722222359722225,0,0,0,0.21296296296296297,0.13576992932299278,7,0.14655172413793102
"LTU",0.3333333333333333,0.34534188099188035,0.5811965811965811,0.4388888888888889,0.6728395061728395,0.7222222284722224,0.46307189642483665,0.2833333354166667,1,0.7222222222222222,0.962962962962963,0.8518518518518519,0.6147720573278571,0,0.8189655172413793
"LUX",0,0.34534188099188035,0.5811965811965811,0.7203703703703703,0.38024691358024687,0,0.12132352966176471,0.2833333354166667,1,0.2777777777777778,0.962962962962963,0.8518518518518519,0.46036710031750855,2,0.5086206896551724
"LVA",0,0.34534188099188035,0.5811965811965811,0.5981481481481482,0.6728395061728395,0.7222222284722224,0.5290849683202614,0.5500000030833334,1,0.7222222222222222,0.962962962962963,0.8518518518518519,0.6279891961185253,1,0.75
"MAC",0,0,0,0.3037037037037037,0,0,0,0,0,0,0,0,0.025308641975308643,11,0.017241379310344827
"MAF",0,0,0,0,0,0,0,0,0,0,0,0,0,12,0
"MAR",0,0.5093589757089744,0,0.6074074074074074,0.29259259259259257,0.3750000031250001,0.42263071995424834,0.5750000024166667,0,0,0,0.4722222222222222,0.2711843269522593,5,0.3620689655172414
"MCO",0,0,0,0.3037037037037037,0,0,0,0.10833333437500002,0,0,0,0,0.034336419839891975,10,0.02586206896551724
"MDA",0,0,0,0.6074074074074074,0.29259259259259257,0.3750000031250001,0.42263071995424834,0.5750000024166667,0,0,0,0.21296296296296297,0.2071328073715732,6,0.27586206896551724
"MDG",0,0.5093589757089744,0,0.6074074074074074,0.29259259259259257,0.3750000031250001,0.42263071995424834,0.48611111319444444,0,0,0,0.21296296296296297,0.24217198124546918,5,0.33620689655172414
"MDV",0,0,0,0.3037037037037037,0,0,0,0.10833333437500002,0,0,0,0.21296296296296297,0.05208333342013889,9,0.034482758620689655
"MEX",0,0.8547008567008547,0,0.8888888888888888,0.6728395061728395,0.7222222284722224,0.5686274519803922,0.9277777819027778,1,0.4444444444444444,0.962962962962963,0.7314814814814814,0.647828800250572,2,0.7327586206896551
"MHL",0,0,0,0.3037037037037037,0,0,0,0.10833333437500002,0,0,0,0.21296296296296297,0.05208333342013889,9,0.034482758620689655
"MKD",0,0.5093589757089744,0,0.4722222222222222,0.29259259259259257,0.3750000031250001,0.3812908504232026,0.663888891638889,0,0.2777777777777778,0,0.21296296296296297,0.26542452303763514,4,0.3620689655172414
"MLI",0,0.5093589757089744,0,0.6074074074074074,0,0,0.10228758219934642,0.19722222359722225,0,0,0,0.21296296296296297,0.13576992932299278,7,0.14655172413793102
"MLT",0,0,0.5811965811965811,0.4388888888888889,0.29259259259259257,0.2791666682291667,0.4021241837565359,0.2833333354166667,1,0.2777777777777778,0.33888888888888885,0.611111111111111,0.3754233356548508,2,0.49137931034482757
"MMR",0,0,0,0.4722222222222222,0,0,0.06094771266830065,0.663888891638889,0,0,0,0.21296296296296297,0.11750181579103124,8,0.10344827586206896
"MNE",0,0,0.5811965811965811,0.4388888888888889,0.29259259259259257,0.11666666666666667,0.3919934650522876,0.28611111281944446,0,0,0,0.21296296296296297,0.19336768918161867,5,0.3275862068965517
"MNG",0,0.5093589757089744,0,0.6074074074074074,0,0,0.10228758219934642,0.48611111319444444,0,0,0,0.21296296296296297,0.15984400345609462,7,0.1724137931034483
"MNP",0,0,0,0,0,0,0,0,0,0,0,0,0,12,0
"MOZ",0,0.5093589757089744,0,0.6074074074074074,0.29259259259259257,0.3750000031250001,0.398937909496732,0.28611111281944446,0,0,0,0.21296296296296297,0.22353091367609282,5,0.3103448275862069
"MRT",0,0,0,0.4388888888888889,0,0,0.04133986953104575,0.10833333437500002,0,0,0,0.21296296296296297,0.06679375464649147,8,0.05172413793103448
"MSR",0,0,0,0,0,0,0,0,0,0,0,0,0,12,0
"MTQ",0,0,0,0,0,0,0,0,0,0,0,0,0,12,0
"MUS",0,0.5093589757089744,0,0.4388888888888889,0.2324074074074074,0.11666666666666667,0.42263071995424834,0.19722222359722225,0,0,0,0.21296296296296297,0.17751148709886422,5,0.27586206896551724
"MWI",0,0.5093589757089744,0,0.6074074074074074,0.29259259259259257,0.11666666666666667,0.42263071995424834,0.663888891638889,0,0,0,0.21296296296296297,0.2354590180776451,5,0.33620689655172414
"MYS",0,0,0,0.6074074074074074,0.2324074074074074,0.11666666666666667,0.42263071995424834,0.663888891638889,0,0,0,0.7314814814814814,0.23120688121300834,6,0.29310344827586204
"MYT",0,0,0,0,0,0,0,0,0,0,0,0,0,12,0
"NAM",0,0,0,0.6074074074074074,0.29259259259259257,0.11666666666666667,0.42263071995424834,0.28611111281944446,0,0,0,0.21296296296296297,0.16153095520027688,6,0.23275862068965517
"NCL",0,0,0,0,0,0,0,0,0,0,0,0,0,12,0
"NER",0,0.5093589757089744,0,0.4722222222222222,0,0,0.06094771266830065,0.10833333437500002,0,0,0,0.21296296296296297,0.11365210066145502,7,0.12068965517241378
"NFK",0,0,0,0,0,0,0,0,0,0,0,0,0,12,0
"NGA",0,0.5093589757089744,0,0.6074074074074074,0.29259259259259257,0.3750000031250001,0.42263071995424834,0.5750000024166667,0,0,0,0.21296296296296297,0.24957938868065438,5,0.3448275862068966
"NIC",0,0,0,0.6074074074074074,0.29259259259259257,0.11666666666666667,0.42263071995424834,0.48611111319444444,0,0,0,0.21296296296296297,0.17819762189819355,6,0.25
"NIU",0,0,0,0,0,0,0,0,0,0,0,0,0,12,0
"NLD",0.3333333333333333,0.8547008567008547,0.5811965811965811,0.7203703703703703,0.6728395061728395,0.7222222284722224,0.5686274519803922,0.9277777819027778,1,0.5740740740740741,0.962962962962963,0.8518518518518519,0.7308297499181884,0,0.9827586206896551
"NOR",0.3333333333333333,0.8547008567008547,0.5811965811965811,0.8888888888888888,0.6728395061728395,0.7222222284722224,0.5076797393120915,0.9277777819027778,1,0.7222222222222222,0.962962962962963,0.8518518518518519,0.7521396627513856,0,0.9913793103448276
"NPL",0,0.5093589757089744,0,0.6074074074074074,0.29259259259259257,0.11666666666666667,0.3616830072859477,0.663888891638889,0,0,0,0.21296296296296297,0.2303800420219534,5,0.3275862068965517
"NRU",0,0,0,0.3037037037037037,0,0,0,0.10833333437500002,0,0,0,0,0.034336419839891975,10,0.02586206896551724
"NZL",0.3333333333333333,0.8547008567008547,0,0.8888888888888888,0.5777777777777777,0.3750000031250001,0.5076797393120915,0.9277777819027778,1,0.4444444444444444,0.962962962962963,0.8518518518518519,0.6437014700249986,1,0.8275862068965517
"OMN",0,0,0,0.4388888888888889,0,0,0.04133986953104575,0.19722222359722225,0,0,0,0.21296296296296297,0.07420116208167665,8,0.06034482758620689
"PAK",0,0.5093589757089744,0,0.6074074074074074,0.29259259259259257,0.3750000031250001,0.42263071995424834,0.663888891638889,0,0,0,0.21296296296296297,0.2569867961158396,5,0.35344827586206895
"PAN",0,0,0,0.4388888888888889,0,0,0.10228758219934642,0.663888891638889,0,0,0,0.21296296296296297,0.1181690271408406,8,0.11206896551724138
"PCN",0,0,0,0,0,0,0,0,0,0,0,0,0,12,0
"PER",0,0.5093589757089744,0,0.6074074074074074,0.29259259259259257,0.3750000031250001,0.42263071995424834,0.663888891638889,0,0.4444444444444444,0,0.4907407407407407,0.31717198130102475,4,0.39655172413793105
"PHL",0,0.5093589757089744,0,0.6074074074074074,0.29259259259259257,0.11666666666666667,0.3616830072859477,0.663888891638889,0,0,0,0.21296296296296297,0.2303800420219534,5,0.3275862068965517
"PLW",0,0,0,0.3037037037037037,0,0,0,0.10833333437500002,0,0,0,0.21296296296296297,0.05208333342013889,9,0.034482758620689655
"PNG",0,0,0,0.4722222222222222,0,0,0,0.10833333437500002,0,0,0,0.21296296296296297,0.0661265432966821,9,0.04310344827586207
"POL",0.3333333333333333,0.8547008567008547,0.5811965811965811,0.8888888888888888,0.6728395061728395,0.7222222284722224,0.5454248376013072,0.9277777819027778,1,0.7222222222222222,0.962962962962963,0.8518518518518519,0.7552850876088202,0,0.9913793103448276
"PRI",0,0,0,0,0,0,0,0.08888888922222223,0,0,0,0.21296296296296297,0.025154321015432097,10,0.017241379310344827
"PRK",0,0,0,0.3037037037037037,0,0,0,0.10833333437500002,0,0,0,0,0.034336419839891975,10,0.02586206896551724
"PRT",0,0.715897437697436,0.5811965811965811,0.8888888888888888,0.6728395061728395,0.7222222284722224,0.5454248376013072,0.9277777819027778,1,0.7222222222222222,0.962962962962963,0.8518518518518519,0.7159403582474242,1,0.853448275862069
"PRY",0,0.5093589757089744,0,0.6074074074074074,0,0,0.10228758219934642,0.28611111281944446,0,0,0,0.21296296296296297,0.14317733675817795,7,0.15517241379310345
"PSE",0,0.5093589757089744,0,0.3037037037037037,0,0,0.06094771266830065,0.08888888922222223,0,0,0,0.21296296296296297,0.09798852035551366,7,0.11206896551724138
"PYF",0,0,0,0,0,0,0,0,0,0,0,0,0,12,0
"QAT",0,0.5093589757089744,0,0.6074074074074074,0,0,0.04133986953104575,0.19722222359722225,0,0,0,0.21296296296296297,0.13069095326730107,7,0.13793103448275862
"REU",0,0,0,0,0,0,0,0,0,0,0,0,0,12,0
"ROU",0,0.5093589757089744,0.5811965811965811,0.6074074074074074,0.29259259259259257,0.3750000031250001,0.46307189642483665,0.7500000034583334,1,0.7222222222222222,0.33888888888888885,0.7129629629629629,0.5293917944989833,1,0.6637931034482758
"RUS",0.3333333333333333,0,0,0.6074074074074074,0.29259259259259257,0.3750000031250001,0.48864379184967316,0.663888891638889,0,0,0,0.8518518518518519,0.3010598226498956,5,0.46551724137931033
"RWA",0,0.5093589757089744,0,0.6074074074074074,0.29259259259259257,0.11666666666666667,0.3616830072859477,0.19722222359722225,0,0,0,0.21296296296296297,0.19149115301848116,5,0.28448275862068967
"SAU",0,0,0,0.6074074074074074,0,0,0.04133986953104575,0.19722222359722225,0,0,0,0.21296296296296297,0.08824437195821987,8,0.06896551724137931
"SDN",0,0,0,0.4722222222222222,0,0,0.06094771266830065,0.10833333437500002,0,0,0,0.21296296296296297,0.07120551935237382,8,0.05172413793103448
"SEN",0,0.5093589757089744,0,0.6074074074074074,0.29259259259259257,0.3750000031250001,0.42263071995424834,0.5750000024166667,0,0,0,0.21296296296296297,0.24957938868065438,5,0.3448275862068966
"SGP",0.3333333333333333,0,0,0.4388888888888889,0.29259259259259257,0.3750000031250001,0.3310457523839869,0.663888891638889,0,0,0,0.7129629629629629,0.26230936874380445,5,0.41379310344827586
"SGS",0,0,0,0,0,0,0,0,0,0,0,0,0,12,0
"SHN",0,0,0,0,0,0,0,0,0,0,0,0,0,12,0
"SJM",0,0,0,0,0,0,0,0,0,0,0,0,0,12,0
"SLB",0,0,0,0.3037037037037037,0,0,0,0.10833333437500002,0,0,0,0.21296296296296297,0.05208333342013889,9,0.034482758620689655
"SLE",0,0,0,0.6074074074074074,0,0,0.10228758219934642,0.5750000024166667,0,0,0,0.21296296296296297,0.12480482958219863,8,0.11206896551724138
"SLV",0,0,0,0.6074074074074074,0.29259259259259257,0.3750000031250001,0.42263071995424834,0.663888891638889,0,0,0,0.21296296296296297,0.21454021480675836,6,0.28448275862068967
"SMR",0,0,0,0.3037037037037037,0,0,0,0.10833333437500002,0,0,0,0.21296296296296297,0.05208333342013889,9,0.034482758620689655
"SOM",0,0,0,0.4722222222222222,0.29259259259259257,0.11666666666666667,0.320343137754902,0.10833333437500002,0,0,0,0,0.10917982946761529,7,0.1810344827586207
"SPM",0,0,0,0,0,0,0,0,0,0,0,0,0,12,0
"SRB",0,0.5093589757089744,0.5811965811965811,0.6074074074074074,0.29259259259259257,0.3750000031250001,0.42263071995424834,0.663888891638889,0,0,0,0.21296296296296297,0.305419844548888,4,0.46551724137931033
"SSD",0,0,0,0.4722222222222222,0,0,0,0.10833333437500002,0,0,0,0.21296296296296297,0.0661265432966821,9,0.04310344827586207
"STP",0,0,0,0.4722222222222222,0,0,0.06094771266830065,0.10833333437500002,0,0,0,0.21296296296296297,0.07120551935237382,8,0.05172413793103448
"SUR",0,0,0,0.3037037037037037,0,0,0,0.48611111319444444,0,0,0,0.21296296296296297,0.08356481498842593,9,0.06896551724137931
"SVK",0.3333333333333333,0.791965813765812,0.5811965811965811,0.7296296296296296,0.6728395061728395,0.7222222284722224,0.5290849683202614,0.5500000030833334,1,0.7222222222222222,0.962962962962963,0.7129629629629629,0.6923683510101801,0,0.9310344827586207
"SVN",0.3333333333333333,0.8547008567008547,0.5811965811965811,0.8888888888888888,0.6728395061728395,0.7222222284722224,0.5686274519803922,0.8388888926805557,1,0.7222222222222222,0.962962962962963,0.8518518518518519,0.7498112313718921,0,0.9913793103448276
"SWE",0.3333333333333333,0.8547008567008547,0.5811965811965811,0.8888888888888888,0.6728395061728395,0.7222222284722224,0.5454248376013072,0.9277777819027778,1,0.7222222222222222,0.962962962962963,0.8518518518518519,0.7552850876088202,0,0.9913793103448276
"SWZ",0,0.5093589757089744,0,0.6074074074074074,0,0,0.10228758219934642,0.19722222359722225,0,0,0,0,0.11802301574274587,8,0.13793103448275862
"SXM",0,0,0,0,0,0,0,0,0,0,0,0,0,12,0
"SYC",0,0.5093589757089744,0,0.4388888888888889,0,0,0.04133986953104575,0.10833333437500002,0,0,0,0.21296296296296297,0.10924033595557266,7,0.12068965517241378
"SYR",0,0,0,0.3037037037037037,0,0,0,0.10833333437500002,0,0,0,0.21296296296296297,0.05208333342013889,9,0.034482758620689655
"TCA",0,0,0,0,0,0,0,0,0,0,0,0,0,12,0
"TCD",0,0,0,0.6074074074074074,0,0,0.04133986953104575,0.10833333437500002,0,0,0,0.21296296296296297,0.08083696452303468,8,0.06034482758620689
"TGO",0,0.5093589757089744,0,0.3037037037037037,0.2324074074074074,0.11666666666666667,0.3575980399656863,0.19722222359722225,0,0,0,0.21296296296296297,0.16082666500105197,5,0.25
"THA",0,0.5093589757089744,0,0.6074074074074074,0.29259259259259257,0.3750000031250001,0.42263071995424834,0.663888891638889,0,0,0,0.21296296296296297,0.2569867961158396,5,0.35344827586206895
"TJK",0,0,0,0.6074074074074074,0.29259259259259257,0.11666666666666667,0.3919934650522876,0.19722222359722225,0,0,0,0.21296296296296297,0.1515704431899283,6,0.21551724137931033
"TKL",0,0,0,0,0,0,0,0,0,0,0,0,0,12,0
"TKM",0,0,0,0.3037037037037037,0,0,0,0.10833333437500002,0,0,0,0,0.034336419839891975,10,0.02586206896551724
"TLS",0,0,0,0.4722222222222222,0,0,0,0.10833333437500002,0,0,0,0.21296296296296297,0.0661265432966821,9,0.04310344827586207
"TON",0,0,0,0.3037037037037037,0,0,0,0.10833333437500002,0,0,0,0.21296296296296297,0.05208333342013889,9,0.034482758620689655
"TTO",0,0,0,0.6074074074074074,0,0,0.10228758219934642,0.663888891638889,0,0,0,0.21296296296296297,0.1322122370173838,8,0.12068965517241378
"TUN",0,0.5093589757089744,0,0.6074074074074074,0.24074074074074073,0,0.10228758219934642,0.663888891638889,0,0,0,0.21296296296296297,0.19472054672152672,6,0.22413793103448276
"TUR",0.3333333333333333,0.8547008567008547,0.5811965811965811,0.7537037037037037,0.6728395061728395,0.7222222284722224,0.4877450987892157,0.9277777819027778,1,0.14814814814814814,0.962962962962963,0.35185185185185186,0.649706837769541,0,0.896551724137931
"TUV",0,0,0,0.3037037037037037,0,0,0,0.10833333437500002,0,0,0,0,0.034336419839891975,10,0.02586206896551724
"TWN",0,0,0,0.4388888888888889,0.29259259259259257,0.2583333364583334,0.3919934650522876,0.08888888922222223,0,0,0,0.21296296296296297,0.14030501126477396,6,0.20689655172413793
"TZA",0,0.5093589757089744,0,0.6074074074074074,0.29259259259259257,0.11666666666666667,0.42263071995424834,0.663888891638889,0,0,0,0.21296296296296297,0.2354590180776451,5,0.33620689655172414
"UGA",0,0.5093589757089744,0,0.6074074074074074,0.29259259259259257,0.11666666666666667,0.42263071995424834,0.5750000024166667,0,0,0,0.21296296296296297,0.22805161064245993,5,0.3275862068965517
"UKR",0,0,0,0.6074074074074074,0.29259259259259257,0.3750000031250001,0.42263071995424834,0.663888891638889,0,0,0,0.21296296296296297,0.21454021480675836,6,0.28448275862068967
"UMI",0,0,0,0,0,0,0,0,0,0,0,0,0,12,0
"URY",0,0,0,0.4388888888888889,0.29259259259259257,0.3750000031250001,0.42263071995424834,0.663888891638889,0,0,0,0.21296296296296297,0.20049700493021516,6,0.27586206896551724
"USA",0.3333333333333333,0.34534188099188035,0,0.8888888888888888,0.6728395061728395,0.7222222284722224,0.5686274519803922,0.9277777819027778,1,0,0.7521604938271605,0.7314814814814814,0.578556087254248,2,0.7413793103448276
"UZB",0,0,0,0.3037037037037037,0,0,0,0.48611111319444444,0,0,0,0.21296296296296297,0.08356481498842593,9,0.06896551724137931
"VAT",0,0,0,0,0,0,0,0,0,0,0,0,0,12,0
"VCT",0,0,0,0.3037037037037037,0,0,0,0.5750000024166667,0,0,0,0.21296296296296297,0.09097222242361111,9,0.07758620689655173
"VEN",0,0,0,0.6074074074074074,0.29259259259259257,0.3750000031250001,0.42263071995424834,0.663888891638889,0,0,0,0.21296296296296297,0.21454021480675836,6,0.28448275862068967
"VGB",0,0,0,0,0,0,0,0,0,0,0,0,0,12,0
"VIR",0,0,0,0,0,0,0,0,0,0,0,0,0,12,0
"VNM",0,0.5093589757089744,0,0.6074074074074074,0.29259259259259257,0.3750000031250001,0.42263071995424834,0.5750000024166667,0,0,0,0.21296296296296297,0.24957938868065438,5,0.3448275862068966
"VUT",0,0,0,0.3037037037037037,0,0,0,0.10833333437500002,0,0,0,0.21296296296296297,0.05208333342013889,9,0.034482758620689655
"WLF",0,0,0,0,0,0,0,0,0,0,0,0,0,12,0
"WSM",0,0,0,0.3037037037037037,0,0,0,0.10833333437500002,0,0,0,0.21296296296296297,0.05208333342013889,9,0.034482758620689655
"YEM",0,0.5093589757089744,0,0.6074074074074074,0,0,0.10228758219934642,0.19722222359722225,0,0,0,0.21296296296296297,0.13576992932299278,7,0.14655172413793102
"ZAF",0,0.5093589757089744,0,0.6074074074074074,0.29259259259259257,0.3750000031250001,0.42263071995424834,0.663888891638889,0,0,0,0.7314814814814814,0.3001966726590494,5,0.3879310344827586
"ZMB",0,0,0,0.6074074074074074,0,0,0.10228758219934642,0.663888891638889,0,0,0,0.21296296296296297,0.1322122370173838,8,0.12068965517241378
"ZWE",0,0.5093589757089744,0,0.6074074074074074,0.29259259259259257,0.11666666666666667,0.42263071995424834,0.663888891638889,0,0,0,0.21296296296296297,0.2354590180776451,5,0.33620689655172414
